{
  "id": 1,
  "nombre": "Cableado estructurado para redes de fibra y cobre",
  "nombre_corto": "Cableado estructurado",
  "descripcion": "Aprende a diseñar e implementar infraestructuras de cableado estructurado con los más altos estándares de la industria.",
  "nodos": [
    "cableado",
    "diseño",
    "instalacion",
    "certificacion",
    "cobre",
    "fibra"
  ],
  "modalidad": "Presencial",
  "precio": "$269 USD +IVA",
  "ubicacion": "Parque Industrial Tecnológico Innovación, Querétaro, Qro.",
  "horario": "9:00 a 19:00 hrs",
  "duracion": "20 horas (2 días)",
  "proximas_fechas": [
    {
      "fecha": "13 - 14 de Octubre 2025",
      "horario": "9:00 a 19:00 hrs"
    }
  ],
  "temario": [
    {
      "titulo": "Introducción al cableado estructurado",
      "subtemas": [
        "Normas y estándares",
        "Componentes básicos",
        "Tipos de cableado"
      ]
    },
    {
      "titulo": "Diseño de infraestructura",
      "subtemas": [
        "Planificación",
        "Dimensionamiento",
        "Planos y diagramas"
      ]
    },
    {
      "titulo": "Implementación",
      "subtemas": [
        "Técnicas de instalación",
        "Herramientas",
        "Pruebas"
      ]
    },
    {
      "titulo": "Certificación",
      "subtemas": [
        "DC3"
      ]
    }
  ]
}
