{
  "id": 3,
  "nombre": "Redes de Fibra Óptica FTTH para WISP e ISP",
  "nombre_corto": "FTTH para WISP e ISP",
  "descripcion": "Aprende a diseñar e implementar redes FTTH para proveedores de servicios de internet.",
  "nodos": [
    "ftth",
    "pon",
    "isp",
    "dimensionamiento",
    "presupuesto_optico"
  ],
  "modalidad": "Presencial",
  "precio": "$299 USD + IVA",
  "ubicacion": "Parque Industrial Tecnológico Innovación, Querétaro, Qro.",
  "horario": "9:00 a 19:00 hrs",
  "duracion": "20 horas (2 días)",
  "proximas_fechas": [
    {
      "fecha": "10 y 11 de Noviembre 2025",
      "horario": "9:00 a 19:00 hrs"
    }
  ],
  "temario": [
    {
      "titulo": "Introducción a FTTH",
      "subtemas": [
        "Arquitecturas PON",
        "Estándares",
        "Elementos de red"
      ]
    },
    {
      "titulo": "Diseño de redes FTTH",
      "subtemas": [
        "Cálculos de alcance",
        "Dimensionamiento",
        "Presupuesto óptico"
      ]
    },
    {
      "titulo": "Implementación para ISPs",
      "subtemas": [
        "Modelos de negocio",
        "Estrategias de despliegue",
        "ROI"
      ]
    },
    {
      "titulo": "Operación y mantenimiento",
      "subtemas": [
        "Monitoreo",
        "Detección de fallos",
        "Mantenimiento preventivo"
      ]
    }
  ]
}
