{
  "id": 4,
  "nombre": "PONLAN Redes ópticas pasivas para entornos enterprise",
  "nombre_corto": "PONLAN Enterprise",
  "descripcion": "Descubre cómo implementar redes ópticas pasivas en entornos empresariales.",
  "nodos": [
    "ponlan",
    "enterprise",
    "integracion",
    "escalabilidad"
  ],
  "modalidad": "Presencial",
  "precio": "$249 USD + IVA",
  "ubicacion": "Parque Industrial Tecnológico Innovación, Querétaro, Qro.",
  "horario": "9:00 a 19:00 hrs",
  "duracion": "20 horas (2 días)",
  "proximas_fechas": [
    {
      "fecha": "12 - 13 Noviembre 2025",
      "horario": "9:00 a 19:00 hrs"
    }
  ],
  "temario": [
    {
      "titulo": "Fundamentos de POL",
      "subtemas": [
        "POL vs LAN tradicional",
        "Arquitectura",
        "Componentes"
      ]
    },
    {
      "titulo": "Diseño para empresas",
      "subtemas": [
        "Requisitos específicos",
        "Planificación",
        "Escalabilidad"
      ]
    },
    {
      "titulo": "Implementación",
      "subtemas": [
        "Instalación",
        "Configuración",
        "Integración"
      ]
    },
    {
      "titulo": "Casos de uso",
      "subtemas": [
        "Oficinas",
        "Campus",
        "Centros de datos"
      ]
    }
  ]
}
