{
  "title": "EMPALMES DE FIBRA OPTICA",
  "description": "Descubre cómo seleccionar, configurar y utilizar correctamente tu empalmadora, asegurando resultados de alta calidad, minimizando pérdidas y extendiendo la vida útil de tu equipo. Conociendo las partes clave del equipo, configuraciones esenciales y las mejores prácticas para el cuidado, mantenimiento y operación efectiva en campo.",
  "topics": [
    "Diferencias entre empalmadoras por núcleo y por revestimiento",
    "Cómo elegir el equipo adecuado según tu proyecto",
    "Preparación correcta de la fibra antes del empalme",
    "Configuración y calibración del equipo para distintos entornos",
    "Detección y solución de fallas comunes en la zona de fusión",
    "Mantenimiento preventivo y cambio de consumibles",
    "Uso de GPS para localización y control de equipos"
  ],
  "fechas": [
    "7 de octubre del 2025",
    "9 de diciembre del 2025",
    ""
  ],
  "horario": [
    "11:00 AM"
  ]
}
