{
  "title": "INSTALACION SUBTERRANEA",
  "description": "Descubre las ventajas, requerimientos y mejores prácticas para implementar redes ópticas subterráneas, ideales para proyectos que requieren mayor protección, menor impacto visual y máxima durabilidad. A través de un análisis técnico de métodos de instalación, tipos de ductos, registros y condiciones del terreno, complementado con ejemplos reales y normativas clave.",
  "topics": [
    "Las tendencias en instalaciones de fibra",
    "Cuándo optar por una instalación subterránea y sus consideraciones",
    "Métodos de instalación y elementos para la correcta instalación subterránea"
  ],
  "fechas": [
    "14 de octubre del 2025"
  ],
  "horario": [
    "11:00 AM"
  ]
}
