{
  "title": "ODN EN FTTX",
  "description": "Descubre cómo implementar redes ópticas de distribución efectivas, seguras y adaptadas a las necesidades actuales de los ISP´s. Aprenderás a identificar los elementos que integran una ODN (Optical Distribution Network) y cómo influyen en su desempeño, así como los métodos más utilizados para su instalación según el tipo de entorno y requerimientos técnicos.",
  "topics": [
    "Elementos que integran la ODN.",
    "Métodos de instalación, sus elementos y consideraciones.",
    "Estructura de cables exteriores de Fibra óptica, y sus elementos de sujeción.",
    "Tendencias en cuanto a métodos de instalación."
  ],
  "fechas": [
    "4 de noviembre del 2025"
  ],
  "horario": [
    "11:00 AM"
  ]
}
