{
  "title": "REDES DE DISTRIBUCIÓN ÓPTICA",
  "description": "Descubre los elementos técnicos y estratégicos necesarios para implementar una red de distribución óptica que garantice alto rendimiento, escalabilidad y reducción de costos operativos. Aprenderás a anticiparte a los principales retos del despliegue de red, seleccionando los componentes ideales para cada entorno y aplicando metodologías que aseguren una construcción ordenada, rápida y sin retrabajos.",
  "topics": [
    "Planeación y diseño de la red distribución",
    "Adquisición de productos para implementación",
    "Construcción eficiente de la red",
    "Tendencias de instalación",
    "Operación y mantenimiento de las redes de distribución"
  ],
  "fechas": [
    "11 de noviembre del 2025"
  ],
  "horario": [
    "11:00 AM"
  ]
}
