{
  "title": "CENTRO DE DATOS",
  "description": "Descubre cómo diseñar, gestionar y optimizar un centro de datos, abordando desde sus componentes esenciales hasta las tendencias más actuales en cableado y ensambles multifibra. Mediante un enfoque técnico y práctico, conocerás las mejores prácticas de diseño, tipos de data centers, configuración de cableado, y cómo las nuevas tecnologías están transformando la eficiencia y seguridad de estos entornos.",
  "topics": [
    "Definiciones y componentes de centro de datos",
    "Tipos de data centers",
    "Topología de la infraestructura de red",
    "Cableado de comunicaciones para DC",
    "Ensambles multifibra, configuraciones y arreglos",
    "Tendencias en los ensambles multifibra"
  ],
  "fechas": [
    "18 de noviembre del 2025"
  ],
  "horario": [
    "11:00 AM"
  ]
}
