{
  "id": 2,
  "nombre": "Redes de Fibra Óptica Planta Externa",
  "nombre_corto": "Redes de Fibra Óptica Planta Externa",
  "descripcion": "Especialízate en el diseño, instalación y mantenimiento de redes de fibra óptica para exteriores.",
  "nodos": [
    "fibra_externa",
    "tendido",
    "ductos",
    "empalmes",
    "pruebas"
  ],
  "modalidad": "Presencial",
  "precio": "$269 USD +IVA",
  "ubicacion": "Parque Industrial Tecnológico Innovación, Querétaro, Qro.",
  "horario": "9:00 a 19:00 hrs",
  "duracion": "20 horas (2 días)",
  "proximas_fechas": [
    {
      "fecha": "15 - 16 Octubre 2025 ",
      "horario": "9:00 a 19:00 hrs"
    }
  ],
  "temario": [
    {
      "titulo": "Fundamentos de fibra óptica",
      "subtemas": [
        "Tipos de fibra",
        "Características",
        "Ventajas y limitaciones"
      ]
    },
    {
      "titulo": "Diseño de planta externa",
      "subtemas": [
        "Topologías",
        "Dimensionamiento",
        "Cálculos de potencia"
      ]
    },
    {
      "titulo": "Instalación y despliegue",
      "subtemas": [
        "Métodos de tendido",
        "Cajas de empalme",
        "Postes y ductos"
      ]
    },
    {
      "titulo": "Pruebas y certificación",
      "subtemas": [
        "OTDR",
        "Power meter",
        "Documentación de enlaces"
      ]
    }
  ]
}
