{
  "id": 5,
  "nombre": "Empalmes y mediciones con OTDR",
  "nombre_corto": "Empalmes y OTDR",
  "descripcion": "Curso especializado en técnicas de empalme de fibra y uso avanzado de OTDR.",
  "nodos": [
    "empalmes",
    "otdr",
    "mediciones",
    "practicas_de_campo"
  ],
  "modalidad": "Presencial",
  "precio": "$189 USD + IVA",
  "ubicacion": "Parque Industrial Tecnológico Innovación, Querétaro, Qro.",
  "horario": "9:00 a 19:00 hrs",
  "duracion": "10 horas (2 días)",
  "proximas_fechas": [
    {
      "fecha": "5 y 6 Noviembre 2025",
      "horario": "9:00 a 19:00 hrs"
    }
  ],
  "temario": [
    {
      "titulo": "Fundamentos de empalmes",
      "subtemas": [
        "Tipos de empalmes",
        "Preparación de fibra",
        "Técnicas"
      ]
    },
    {
      "titulo": "Fusión de fibra",
      "subtemas": [
        "Equipos de fusión",
        "Procedimientos",
        "Mejores prácticas"
      ]
    },
    {
      "titulo": "OTDR avanzado",
      "subtemas": [
        "Configuración",
        "Interpretación de trazas",
        "Resolución de problemas"
      ]
    },
    {
      "titulo": "Prácticas de campo",
      "subtemas": [
        "Ejercicios reales",
        "Documentación",
        "Certificación"
      ]
    }
  ]
}
