{
  "id": 4,
  "nombre": "ODF 24 Puertos SC/APC",
  "descripcion": "Marco de Distribución Óptica para rack 19 pulgadas, 24 puertos SC/APC, 1U de altura, ideal para distribución de fibra óptica en centros de datos y salas de telecomunicaciones",
  "precio": "$450",
  "especificaciones": [
    "Capacidad: 24 puertos SC/APC",
    "Altura: 1U (44.45mm)",
    "Material: Acero laminado en frío",
    "Profundidad: 280mm",
    "Montaje: Rack 19 pulgadas",
    "Incluye bandejas de empalme",
    "Cumple normas TIA/EIA-568"
  ]
}