[
  {
    "_id": {"$oid": "68d992e32ff79047737e2401"},
    "title": "EMPALMES DE FIBRA OPTICA",
    "description": "Descubre cómo seleccionar, configurar y utilizar correctamente tu empalmadora, asegurando resultados de alta calidad, minimizando pérdidas y extendiendo la vida útil de tu equipo. Conociendo las partes clave del equipo, configuraciones esenciales y las mejores prácticas para el cuidado, mantenimiento y operación efectiva en campo.",
    "topics": [
      "Diferencias entre empalmadoras por núcleo y por revestimiento",
      "Cómo elegir el equipo adecuado según tu proyecto",
      "Preparación correcta de la fibra antes del empalme",
      "Configuración y calibración del equipo para distintos entornos",
      "Detección y solución de fallas comunes en la zona de fusión",
      "Mantenimiento preventivo y cambio de consumibles",
      "Uso de GPS para localización y control de equipos"
    ],
    "link": "https://contenido.fibremex.com/seminario-empalmes-de-fibra-optica",
    "fechas": ["7 de octubre del 2025", "9 de diciembre del 2025", ""],
    "horario": ["11:00 AM"]
  },
  {
    "_id": {"$oid": "68d992e32ff79047737e2402"},
    "title": "INSTALACION SUBTERRANEA",
    "description": "Descubre las ventajas, requerimientos y mejores prácticas para implementar redes ópticas subterráneas, ideales para proyectos que requieren mayor protección, menor impacto visual y máxima durabilidad. A través de un análisis técnico de métodos de instalación, tipos de ductos, registros y condiciones del terreno, complementado con ejemplos reales y normativas clave.",
    "topics": [
      "Las tendencias en instalaciones de fibra",
      "Cuándo optar por una instalación subterránea y sus consideraciones",
      "Métodos de instalación y elementos para la correcta instalación subterránea"
    ],
    "link": "https://contenido.fibremex.com/seminario-instalacion-subterranea",
    "fechas": ["14 de octubre del 2025"],
    "horario": ["11:00 AM"]
  },
  {
    "_id": {"$oid": "68d992e32ff79047737e2403"},
    "title": "WISP A FIBRA",
    "description": "Descubre cómo migrar tu red a fibra óptica de manera eficiente, rentable y con las mejores tecnologías del mercado. Aprenderás los beneficios y estrategias clave para evolucionar de WISP a una red de fibra óptica. Conoce las soluciones tecnológicas y buenas prácticas que te permitirán hacer esta transición de manera exitosa.",
    "topics": [
      "Ventajas y desventajas de un WISP",
      "Ventajas del uso de la fibra óptica.",
      "Consideraciones para elegir el cable de fibra óptica adecuado.",
      "Redes de fibra FTTH.",
      "¿Cómo funciona una red PON? y sus elementos.",
      "Consideraciones para realizar la migración de WISP a Fibra"
    ],
    "link": "https://contenido.fibremex.com/seminario-de-wisp-a-fibra",
    "fechas": ["21 de octubre del 2025"],
    "horario": ["11:00 AM"]
  },
  {
    "_id": {"$oid": "68d992e32ff79047737e2404"},
    "title": "ODN EN FTTX",
    "description": "Descubre cómo implementar redes ópticas de distribución efectivas, seguras y adaptadas a las necesidades actuales de los ISP´s. Aprenderás a identificar los elementos que integran una ODN (Optical Distribution Network) y cómo influyen en su desempeño, así como los métodos más utilizados para su instalación según el tipo de entorno y requerimientos técnicos.",
    "topics": [
      "Elementos que integran la ODN.",
      "Métodos de instalación, sus elementos y consideraciones.",
      "Estructura de cables exteriores de Fibra óptica, y sus elementos de sujeción.",
      "Tendencias en cuanto a métodos de instalación."
    ],
    "link": "https://contenido.fibremex.com/seminario-odn-en-fttx",
    "fechas": ["4 de noviembre del 2025"],
    "horario": ["11:00 AM"]
  },
  {
    "_id": {"$oid": "68d992e32ff79047737e2405"},
    "title": "REDES DE DISTRIBUCIÓN ÓPTICA",
    "description": "Descubre los elementos técnicos y estratégicos necesarios para implementar una red de distribución óptica que garantice alto rendimiento, escalabilidad y reducción de costos operativos. Aprenderás a anticiparte a los principales retos del despliegue de red, seleccionando los componentes ideales para cada entorno y aplicando metodologías que aseguren una construcción ordenada, rápida y sin retrabajos.",
    "topics": [
      "Planeación y diseño de la red distribución",
      "Adquisición de productos para implementación",
      "Construcción eficiente de la red",
      "Tendencias de instalación",
      "Operación y mantenimiento de las redes de distribución"
    ],
    "link": "https://contenido.fibremex.com/ciclo5-seminario5-redes-de-distribucion-optica",
    "fechas": ["11 de noviembre del 2025"],
    "horario": ["11:00 AM"]
  },
  {
    "_id": {"$oid": "68d992e32ff79047737e2406"},
    "title": "CENTRO DE DATOS",
    "description": "Descubre cómo diseñar, gestionar y optimizar un centro de datos, abordando desde sus componentes esenciales hasta las tendencias más actuales en cableado y ensambles multifibra. Mediante un enfoque técnico y práctico, conocerás las mejores prácticas de diseño, tipos de data centers, configuración de cableado, y cómo las nuevas tecnologías están transformando la eficiencia y seguridad de estos entornos.",
    "topics": [
      "Definiciones y componentes de centro de datos",
      "Tipos de data centers",
      "Topología de la infraestructura de red",
      "Cableado de comunicaciones para DC",
      "Ensambles multifibra, configuraciones y arreglos",
      "Tendencias en los ensambles multifibra"
    ],
    "link": "https://contenido.fibremex.com/ciclo5-seminario6-centro-de-datos",
    "fechas": ["18 de noviembre del 2025"],
    "horario": ["11:00 AM"]
  },
  {
    "_id": {"$oid": "68d992e32ff79047737e2400"},
    "title": "SOLUCIONES PRECONECTORIZADAS",
    "description": "Descubre cómo reducir tiempos, costos y errores en campo mediante el uso de soluciones preconectorizadas, desde la oficina central hasta la red de distribución y última milla. Analizando casos reales, ventajas operativas y ejemplos de implementación eficiente con productos personalizados y de alto desempeño.",
    "topics": [
      "¿Qué son las soluciones preconectorizadas?",
      "Ventajas de la solución preconectorizada",
      "Ensambles preconectorizados en la oficina central",
      "Ensambles preconectorizados en la red de distribución",
      "Cajas NAP preconectorizadas",
      "Solución ReadyOp Optronics"
    ],
    "link": "https://contenido.fibremex.com/soluciones-preconectorizadas",
    "fechas": ["2 de diciembre del 2025"],
    "horario": ["11:00 AM"]
  },
  {
    "title": "REDES CLOUD Y KUBERNETES",
    "description": "Explora cómo implementar redes ópticas en entornos cloud y Kubernetes, optimizando la conectividad y escalabilidad en contenedores.",
    "topics": [
      "Integración de fibra óptica en Kubernetes",
      "Redes cloud-native",
      "Optimización de latencia en contenedores",
      "Casos de uso en entornos cloud"
    ],
    "link": "https://contenido.fibremex.com/redes-cloud-kubernetes",
    "fechas": ["15 de enero del 2026"],
    "horario": ["2:00 PM"]
  }
]