[{
  "_id": {
    "$oid": "68d45c6db919402eacf122eb"
  },
  "id": 1,
  "nombre": "Cableado estructurado para redes de fibra y cobre",
  "nombre_corto": "Cableado estructurado",
  "descripcion": "Aprende a diseñar e implementar infraestructuras de cableado estructurado con los más altos estándares de la industria.",
  "modalidad": "Presencial",
  "precio": "$269 USD +IVA",
  "ubicacion": "Parque Industrial Tecnológico Innovación, Querétaro, Qro.",
  "horario": "9:00 a 19:00 hrs",
  "duracion": "20 horas (2 días)",
  "proximas_fechas": [
    {
      "fecha": "13 - 14 de Octubre 2025", 
      "horario": "9:00 a 19:00 hrs"
    }
  ],
  "temario": [
    {
      "titulo": "Introducción al cableado estructurado",
      "subtemas": [
        "Normas y estándares",
        "Componentes básicos",
        "Tipos de cableado"
      ]
    },
    {
      "titulo": "Diseño de infraestructura",
      "subtemas": [
        "Planificación",
        "Dimensionamiento",
        "Planos y diagramas"
      ]
    },
    {
      "titulo": "Implementación",
      "subtemas": [
        "Técnicas de instalación",
        "Herramientas",
        "Pruebas"
      ]
    },
    {
      "titulo": "Certificación",
      "subtemas": [
        "DC3"
      ]
    }
  ]
},
{
  "_id": {
    "$oid": "68d45c6db919402eacf122ec"
  },
  "id": 2,
  "nombre": "Redes de Fibra Óptica Planta Externa",
  "nombre_corto": "Redes de Fibra Óptica Planta Externa",
  "descripcion": "Especialízate en el diseño, instalación y mantenimiento de redes de fibra óptica para exteriores.",
  "modalidad": "Presencial",
  "precio": "$269 USD +IVA",
  "ubicacion": "Parque Industrial Tecnológico Innovación, Querétaro, Qro.",
  "horario": "9:00 a 19:00 hrs",
  "duracion": "20 horas (2 días)",
  "proximas_fechas": [
    {
      "fecha": "15 - 16 Octubre 2025 ",
      "horario": "9:00 a 19:00 hrs"
    }
  ],
  "temario": [
    {
      "titulo": "Fundamentos de fibra óptica",
      "subtemas": [
        "Tipos de fibra",
        "Características",
        "Ventajas y limitaciones"
      ]
    },
    {
      "titulo": "Diseño de planta externa",
      "subtemas": [
        "Topologías",
        "Dimensionamiento",
        "Cálculos de potencia"
      ]
    },
    {
      "titulo": "Instalación y despliegue",
      "subtemas": [
        "Métodos de tendido",
        "Cajas de empalme",
        "Postes y ductos"
      ]
    },
    {
      "titulo": "Pruebas y certificación",
      "subtemas": [
        "OTDR",
        "Power meter",
        "Documentación de enlaces"
      ]
    }
  ]
},
{
  "_id": {
    "$oid": "68d45c6db919402eacf122ed"
  },
  "id": 3,
  "nombre": "Redes de Fibra Óptica FTTH para WISP e ISP",
  "nombre_corto": "FTTH para WISP e ISP",
  "descripcion": "Aprende a diseñar e implementar redes FTTH para proveedores de servicios de internet.",
  "modalidad": "Presencial",
  "precio": "$299 USD + IVA",
  "ubicacion": "Parque Industrial Tecnológico Innovación, Querétaro, Qro.",
  "horario": "9:00 a 19:00 hrs",
  "duracion": "20 horas (2 días)",
  "proximas_fechas": [
    {
      "fecha": "10 y 11 de Noviembre 2025",
      "horario": "9:00 a 19:00 hrs"
    }
  ],
  "temario": [
    {
      "titulo": "Introducción a FTTH",
      "subtemas": [
        "Arquitecturas PON",
        "Estándares",
        "Elementos de red"
      ]
    },
    {
      "titulo": "Diseño de redes FTTH",
      "subtemas": [
        "Cálculos de alcance",
        "Dimensionamiento",
        "Presupuesto óptico"
      ]
    },
    {
      "titulo": "Implementación para ISPs",
      "subtemas": [
        "Modelos de negocio",
        "Estrategias de despliegue",
        "ROI"
      ]
    },
    {
      "titulo": "Operación y mantenimiento",
      "subtemas": [
        "Monitoreo",
        "Detección de fallos",
        "Mantenimiento preventivo"
      ]
    }
  ]
},
{
  "_id": {
    "$oid": "68d45c6db919402eacf122ee"
  },
  "id": 4,
  "nombre": "PONLAN Redes ópticas pasivas para entornos enterprise",
  "nombre_corto": "PONLAN Enterprise",
  "descripcion": "Descubre cómo implementar redes ópticas pasivas en entornos empresariales.",
  "modalidad": "Presencial",
  "precio": "$249 USD + IVA",
  "ubicacion": "Parque Industrial Tecnológico Innovación, Querétaro, Qro.",
  "horario": "9:00 a 19:00 hrs",
  "duracion": "20 horas (2 días)",
  "proximas_fechas": [
    {
      "fecha": "12 - 13 Noviembre 2025",
      "horario": "9:00 a 19:00 hrs"
    }
  ],
  "temario": [
    {
      "titulo": "Fundamentos de POL",
      "subtemas": [
        "POL vs LAN tradicional",
        "Arquitectura",
        "Componentes"
      ]
    },
    {
      "titulo": "Diseño para empresas",
      "subtemas": [
        "Requisitos específicos",
        "Planificación",
        "Escalabilidad"
      ]
    },
    {
      "titulo": "Implementación",
      "subtemas": [
        "Instalación",
        "Configuración",
        "Integración"
      ]
    },
    {
      "titulo": "Casos de uso",
      "subtemas": [
        "Oficinas",
        "Campus",
        "Centros de datos"
      ]
    }
  ]
},
{
  "_id": {
    "$oid": "68d45c6db919402eacf122ef"
  },
  "id": 5,
  "nombre": "Empalmes y mediciones con OTDR",
  "nombre_corto": "Empalmes y OTDR",
  "descripcion": "Curso especializado en técnicas de empalme de fibra y uso avanzado de OTDR.",
  "modalidad": "Presencial",
  "precio": "$189 USD + IVA",
  "ubicacion": "Parque Industrial Tecnológico Innovación, Querétaro, Qro.",
  "horario": "9:00 a 19:00 hrs",
  "duracion": "10 horas (2 días)",
  "proximas_fechas": [
    {
      "fecha": "5 y 6 Noviembre 2025",
      "horario": "9:00 a 19:00 hrs"
    }
  ],
  "temario": [
    {
      "titulo": "Fundamentos de empalmes",
      "subtemas": [
        "Tipos de empalmes",
        "Preparación de fibra",
        "Técnicas"
      ]
    },
    {
      "titulo": "Fusión de fibra",
      "subtemas": [
        "Equipos de fusión",
        "Procedimientos",
        "Mejores prácticas"
      ]
    },
    {
      "titulo": "OTDR avanzado",
      "subtemas": [
        "Configuración",
        "Interpretación de trazas",
        "Resolución de problemas"
      ]
    },
    {
      "titulo": "Prácticas de campo",
      "subtemas": [
        "Ejercicios reales",
        "Documentación",
        "Certificación"
      ]
    }
  ]
}]