{
  "title": "SOLUCIONES PRECONECTORIZADAS",
  "description": "Descubre cómo reducir tiempos, costos y errores en campo mediante el uso de soluciones preconectorizadas, desde la oficina central hasta la red de distribución y última milla. Analizando casos reales, ventajas operativas y ejemplos de implementación eficiente con productos personalizados y de alto desempeño.",
  "topics": [
    "¿Qué son las soluciones preconectorizadas?",
    "Ventajas de la solución preconectorizada",
    "Ensambles preconectorizados en la oficina central",
    "Ensambles preconectorizados en la red de distribución",
    "Cajas NAP preconectorizadas",
    "Solución ReadyOp Optronics"
  ],
  "fechas": [
    "2 de diciembre del 2025"
  ],
  "horario": [
    "11:00 AM"
  ]
}
