{
  "title": "WISP A FIBRA",
  "description": "Descubre cómo migrar tu red a fibra óptica de manera eficiente, rentable y con las mejores tecnologías del mercado. Aprenderás los beneficios y estrategias clave para evolucionar de WISP a una red de fibra óptica. Conoce las soluciones tecnológicas y buenas prácticas que te permitirán hacer esta transición de manera exitosa.",
  "topics": [
    "Ventajas y desventajas de un WISP",
    "Ventajas del uso de la fibra óptica.",
    "Consideraciones para elegir el cable de fibra óptica adecuado.",
    "Redes de fibra FTTH.",
    "¿Cómo funciona una red PON? y sus elementos.",
    "Consideraciones para realizar la migración de WISP a Fibra"
  ],
  "fechas": [
    "21 de octubre del 2025"
  ],
  "horario": [
    "11:00 AM"
  ]
}
