[
  {
    "id": 1,
    "nombre": "Bobina UTP Cat6A 305m",
    "descripcion": "Bobina de cable UTP categoría 6A, 305 metros, 100% cobre, adecuada para 10Gbps.",
    "precio": "$2500",
    "link": "https://fibremex.com/productos/bobina-utp-cat6a",
    "especificaciones": [
      "Categoría: Cat6A",
      "Metraje: 305m",
      "Material: Cobre sólido",
      "Certificaciones: TIA/EIA"
    ]
  },
  {
    "id": 2,
    "nombre": "Ducto HDPE 50mm",
    "descripcion": "Ducto corrugado HDPE 50mm para uso subterráneo y aéreo.",
    "precio": "$1200",
    "link": "https://fibremex.com/productos/ducto-hdpe-50mm",
    "especificaciones": [
      "Diámetro: 50mm",
      "Material: HDPE",
      "Presentación: Rollos de 100m"
    ]
  },
  {
    "id": 3,
    "nombre": "Tritubo HDPE 3x10mm",
    "descripcion": "Tritubo para instalaciones compactas, 3 tubos internal de 10mm.",
    "precio": "$3400",
    "link": "https://fibremex.com/productos/tritubo-3x10",
    "especificaciones": [
      "Configuración: 3 tubos",
      "Diámetros internos: 10mm",
      "Material: HDPE"
    ]
  },
  {
    "id": 4,
    "nombre": "OLT X7 versión 2.1 SKU: X7-2.1",
    "descripcion": "Optical Line Terminal X7 v2.1, ideal para redes FTTH y WISP, con soporte para hasta 128 ONUs.",
    "precio": "$15000",
    "link": "https://fibremex.com/productos/olt-x7-v2.1",
    "especificaciones": [
      "Modelo: X7 v2.1",
      "Capacidad: 128 ONUs",
      "Interfaces: GPON, EPON",
      "SKU: X7-2.1"
    ]
  }
]
